"Ár";"Starfsstétt";"Kyn";"Regluleg laun - alls Meðaltal";"Regluleg laun - alls Neðri fjórðungsmörk";"Regluleg laun - alls Miðgildi";"Regluleg laun - alls Efri fjórðungsmörk";"Regluleg laun - hlutastarfsfólk Meðaltal";"Regluleg laun - hlutastarfsfólk Neðri fjórðungsmörk";"Regluleg laun - hlutastarfsfólk Miðgildi";"Regluleg laun - hlutastarfsfólk Efri fjórðungsmörk";"Regluleg laun - fullvinnandi Meðaltal";"Regluleg laun - fullvinnandi Neðri fjórðungsmörk";"Regluleg laun - fullvinnandi Miðgildi";"Regluleg laun - fullvinnandi Efri fjórðungsmörk";"Regluleg heildarlaun - fullvinnandi Meðaltal";"Regluleg heildarlaun - fullvinnandi Neðri fjórðungsmörk";"Regluleg heildarlaun - fullvinnandi Miðgildi";"Regluleg heildarlaun - fullvinnandi Efri fjórðungsmörk";"Heildarlaun - fullvinnandi Meðaltal";"Heildarlaun - fullvinnandi Neðri fjórðungsmörk";"Heildarlaun - fullvinnandi Miðgildi";"Heildarlaun - fullvinnandi Efri fjórðungsmörk";"Greiddar stundir - fullvinnandi Meðaltal";"Greiddar stundir - fullvinnandi Neðri fjórðungsmörk";"Greiddar stundir - fullvinnandi Miðgildi";"Greiddar stundir - fullvinnandi Efri fjórðungsmörk"
"1998";"Alls";"Alls";135;91;109;155;104;79;94;113;150;97;122;174;179;119;161;214;192;129;171;230;46.4;40.5;44.8;50.4
"1998";"Alls";"Karlar";157;101;131;182;116;88;104;127;167;106;140;194;203;145;186;239;220;156;201;260;47.8;40.9;46.7;52.6
"1998";"Alls";"Konur";107;82;95;115;98;77;91;104;116;90;100;124;131;102;119;144;139;109;128;154;43.6;40.2;42.5;46.1
"1998";"Stjórnendur";"Alls";281;200;257;339;289;217;250;359;281;200;258;338;297;220;272;339;314;230;283;355;41.9;38.0;40.0;40.0
"1998";"Stjórnendur";"Karlar";291;207;260;346;295;222;247;357;290;207;261;344;307;229;275;348;326;240;300;363;41.9;38.0;40.0;40.3
"1998";"Stjórnendur";"Konur";224;158;208;275;272;160;250;386;218;156;208;260;232;197;215;260;240;201;230;274;41.7;38.0;40.0;40.0
"1998";"Sérfræðingar";"Alls";261;213;248;290;247;175;233;303;261;214;248;289;278;215;262;328;288;219;273;339;40.5;38.0;40.0;41.0
"1998";"Sérfræðingar";"Karlar";275;221;260;303;262;188;248;324;276;223;260;301;295;236;274;339;307;245;291;359;40.8;38.0;40.0;42.1
"1998";"Sérfræðingar";"Konur";223;192;214;257;209;169;204;264;224;192;214;257;235;193;214;273;241;200;218;286;39.7;38.1;40.0;40.4
"1998";"Tæknar og sérmenntað starfsfólk";"Alls";209;129;186;243;134;106;118;160;220;139;197;250;240;169;217;264;251;176;229;285;43.1;40.0;40.0;45.0
"1998";"Tæknar og sérmenntað starfsfólk";"Karlar";247;163;217;265;149;102;135;190;251;170;218;269;276;203;243;300;289;217;254;316;43.6;40.0;40.0;45.8
"1998";"Tæknar og sérmenntað starfsfólk";"Konur";149;111;140;172;131;106;118;151;155;113;147;180;169;130;160;203;177;136;170;205;42.1;40.0;40.9;43.7
"1998";"Skrifstofufólk";"Alls";119;94;107;134;112;93;104;129;122;95;108;139;141;113;131;163;149;119;139;171;43.5;40.0;42.5;46.2
"1998";"Skrifstofufólk";"Karlar";146;103;133;175;127;96;118;141;149;103;140;186;172;137;167;203;182;146;176;213;44.2;38.8;42.6;48.4
"1998";"Skrifstofufólk";"Konur";112;94;104;124;110;92;104;129;113;94;104;121;131;109;124;144;138;115;131;154;43.3;40.0;42.4;46.0
"1998";"Þjónustu-, sölu- og afgreiðslufólk";"Alls";110;79;98;128;95;72;79;100;119;92;110;139;141;106;131;168;149;115;138;176;45.4;41.8;44.7;48.2
"1998";"Þjónustu-, sölu- og afgreiðslufólk";"Karlar";124;94;116;147;98;71;90;107;129;97;122;153;159;124;154;188;167;131;159;196;46.5;42.6;45.8;49.4
"1998";"Þjónustu-, sölu- og afgreiðslufólk";"Konur";100;75;89;113;95;72;78;98;106;83;97;117;121;98;111;133;129;105;122;143;44.2;41.3;43.1;46.5
"1998";"Iðnaðarmenn";"Alls";157;125;146;175;139;116;130;149;161;130;150;181;225;182;212;257;251;202;238;287;50.8;45.2;50.2;55.5
"1998";"Iðnaðarmenn";"Karlar";157;125;146;176;139;116;129;150;162;130;150;181;225;183;213;257;251;203;238;287;50.8;45.2;50.2;55.6
"1998";"Iðnaðarmenn";"Konur";..;..;..;..;..;..;..;..;..;..;..;..;..;..;..;..;..;..;..;..;..;..;..;..
"1998";"Verkafólk";"Alls";102;86;96;109;94;82;93;101;108;88;99;120;145;110;133;171;158;121;146;185;48.2;42.1;46.6;52.5
"1998";"Verkafólk";"Karlar";110;89;102;122;99;83;95;107;115;91;106;132;160;124;153;186;176;135;164;204;50.1;43.9;48.8;55.0
"1998";"Verkafólk";"Konur";93;83;92;99;92;82;91;98;95;84;92;100;114;95;111;126;123;102;121;138;44.2;40.8;42.9;46.4
"1999";"Alls";"Alls";148;98;122;170;112;86;100;123;163;105;137;187;192;130;174;232;207;140;187;251;46.1;40.2;43.6;48.9
"1999";"Alls";"Karlar";170;110;145;195;123;95;112;137;180;117;153;209;216;156;198;255;234;168;214;282;47.2;40.8;45.8;51.8
"1999";"Alls";"Konur";117;89;102;127;105;83;97;114;127;95;110;141;141;106;129;160;151;114;138;171;43.6;40.0;42.3;45.8
"1999";"Stjórnendur";"Alls";306;213;280;356;306;200;287;410;305;209;280;356;320;246;293;359;342;255;316;393;41.3;38.0;40.0;40.1
"1999";"Stjórnendur";"Karlar";322;237;303;374;307;224;279;361;322;237;303;374;336;259;319;375;360;274;335;413;41.1;38.0;40.0;40.0
"1999";"Stjórnendur";"Konur";237;175;218;271;305;200;288;429;230;175;215;267;250;213;240;277;264;219;255;292;42.2;38.0;40.0;43.3
"1999";"Sérfræðingar";"Alls";284;239;276;322;262;187;250;293;285;239;277;323;300;243;281;354;313;248;296;371;40.0;38.0;39.8;40.0
"1999";"Sérfræðingar";"Karlar";298;252;285;327;272;180;259;300;300;256;286;327;317;268;302;361;333;274;321;374;40.4;38.0;40.0;40.0
"1999";"Sérfræðingar";"Konur";254;218;248;293;241;190;230;270;254;220;248;297;262;220;249;304;270;230;254;318;39.2;38.1;38.6;40.0
"1999";"Tæknar og sérmenntað starfsfólk";"Alls";218;142;197;259;146;117;135;176;230;151;213;270;256;189;242;290;271;200;257;312;43.4;39.9;40.6;45.2
"1999";"Tæknar og sérmenntað starfsfólk";"Karlar";250;170;236;282;163;121;138;201;255;176;238;284;289;225;264;318;307;238;284;329;44.3;40.0;41.1;46.2
"1999";"Tæknar og sérmenntað starfsfólk";"Konur";163;123;155;184;141;117;135;172;172;123;168;204;183;138;175;214;193;147;182;225;41.3;38.7;40.0;42.1
"1999";"Skrifstofufólk";"Alls";132;104;122;151;124;99;120;145;137;106;122;158;158;127;150;182;167;133;158;190;43.5;39.5;42.3;46.5
"1999";"Skrifstofufólk";"Karlar";160;114;153;192;136;108;125;161;163;118;157;210;190;154;182;228;201;160;194;240;44.4;38.8;43.2;48.6
"1999";"Skrifstofufólk";"Konur";125;102;118;145;123;99;120;144;126;103;117;144;146;122;140;165;154;128;149;176;43.2;39.6;42.1;46.1
"1999";"Þjónustu-, sölu- og afgreiðslufólk";"Alls";126;91;114;149;103;76;88;113;137;103;124;163;157;115;147;188;166;126;157;197;44.6;40.9;43.3;47.3
"1999";"Þjónustu-, sölu- og afgreiðslufólk";"Karlar";144;106;131;172;111;80;102;120;150;111;137;176;178;142;175;209;188;151;184;224;45.6;41.3;44.6;48.8
"1999";"Þjónustu-, sölu- og afgreiðslufólk";"Konur";108;81;98;123;101;76;84;108;116;93;109;127;128;102;119;144;136;110;130;152;43.3;40.6;42.6;45.5
"1999";"Iðnaðarmenn";"Alls";168;137;158;186;147;122;140;165;173;142;164;192;238;197;227;271;266;221;255;301;50.4;45.1;49.9;54.8
"1999";"Iðnaðarmenn";"Karlar";168;137;158;186;147;122;139;165;173;142;164;192;239;197;228;272;266;221;255;301;50.4;45.1;49.8;54.8
"1999";"Iðnaðarmenn";"Konur";..;..;..;..;..;..;..;..;..;..;..;..;..;..;..;..;..;..;..;..;..;..;..;..
"1999";"Verkafólk";"Alls";109;91;101;118;100;87;98;107;115;94;105;128;151;116;141;177;165;125;155;195;48.0;42.2;46.4;52.0
"1999";"Verkafólk";"Karlar";119;96;109;135;107;90;100;115;124;99;113;143;167;131;159;193;183;143;172;212;49.4;43.5;48.4;54.2
"1999";"Verkafólk";"Konur";97;85;96;103;96;85;95;103;98;86;96;105;118;98;114;132;127;105;122;145;45.1;40.9;43.2;46.8
"2000";"Alls";"Alls";165;107;138;192;126;93;111;141;183;118;155;214;210;144;190;252;226;154;204;272;45.3;40.1;43.5;48.5
"2000";"Alls";"Karlar";191;123;163;226;141;103;123;160;202;131;173;243;236;170;215;274;255;183;237;318;46.2;40.3;44.6;50.0
"2000";"Alls";"Konur";129;95;112;144;117;89;106;129;140;101;123;159;155;117;141;177;166;125;152;187;43.2;40.0;42.1;45.4
"2000";"Stjórnendur";"Alls";334;240;306;407;277;217;278;317;339;243;308;410;352;259;316;410;372;272;329;436;41.2;37.9;39.9;40.5
"2000";"Stjórnendur";"Karlar";358;266;329;433;281;230;278;324;363;267;332;436;375;280;339;436;397;297;362;453;40.8;37.9;39.9;40.0
"2000";"Stjórnendur";"Konur";248;188;227;280;273;217;280;317;244;187;224;268;264;227;247;286;278;234;261;295;42.6;38.4;40.0;44.3
"2000";"Sérfræðingar";"Alls";308;253;300;356;248;210;264;300;316;260;307;360;326;267;320;377;340;273;333;395;39.9;37.9;40.0;40.0
"2000";"Sérfræðingar";"Karlar";325;272;315;364;276;214;300;300;329;274;320;365;341;288;336;385;355;294;349;406;39.9;37.9;40.0;40.0
"2000";"Sérfræðingar";"Konur";271;227;263;317;229;181;257;264;283;238;263;356;292;247;273;355;305;255;287;374;39.9;38.4;40.0;40.4
"2000";"Tæknar og sérmenntað starfsfólk";"Alls";248;167;231;295;174;133;154;206;263;182;247;307;284;208;265;321;301;218;283;343;42.4;39.9;40.5;43.6
"2000";"Tæknar og sérmenntað starfsfólk";"Karlar";285;212;265;317;214;142;217;257;290;218;269;320;317;242;295;345;337;258;311;364;42.9;39.9;40.9;44.2
"2000";"Tæknar og sérmenntað starfsfólk";"Konur";182;138;170;213;159;129;147;184;194;143;184;227;205;159;192;238;216;169;204;250;41.4;39.7;40.0;42.4
"2000";"Skrifstofufólk";"Alls";147;115;139;172;138;111;132;155;151;117;142;178;169;136;160;193;177;142;167;204;42.3;38.7;40.9;44.8
"2000";"Skrifstofufólk";"Karlar";172;130;170;214;159;118;142;185;174;134;173;216;199;162;192;240;209;171;199;248;43.4;38.6;41.4;46.2
"2000";"Skrifstofufólk";"Konur";139;112;133;159;135;111;130;155;141;113;135;161;157;131;151;182;165;138;157;187;41.9;38.8;40.8;44.0
"2000";"Þjónustu-, sölu- og afgreiðslufólk";"Alls";143;100;129;175;119;84;104;134;157;117;139;191;178;133;170;213;188;145;178;225;44.3;40.5;43.3;47.0
"2000";"Þjónustu-, sölu- og afgreiðslufólk";"Karlar";167;122;157;202;137;100;121;162;173;128;163;206;200;162;195;236;210;169;205;247;44.7;40.4;43.6;47.5
"2000";"Þjónustu-, sölu- og afgreiðslufólk";"Konur";119;86;109;134;112;83;96;126;126;99;120;139;142;112;134;160;153;122;147;171;43.6;40.6;43.1;46.1
"2000";"Iðnaðarmenn";"Alls";189;152;181;207;163;133;156;187;195;158;186;213;256;208;247;293;288;235;277;329;48.7;43.6;47.5;52.4
"2000";"Iðnaðarmenn";"Karlar";190;152;181;207;163;133;154;187;195;158;186;213;256;208;247;293;288;236;277;329;48.7;43.6;47.5;52.4
"2000";"Iðnaðarmenn";"Konur";..;..;..;..;..;..;..;..;..;..;..;..;..;..;..;..;..;..;..;..;..;..;..;..
"2000";"Verkafólk";"Alls";119;98;110;131;108;93;104;116;127;102;117;144;163;124;155;193;179;134;171;212;47.6;41.8;45.8;51.3
"2000";"Verkafólk";"Karlar";131;106;122;149;116;98;109;127;137;108;126;158;181;145;173;207;199;156;191;230;49.1;43.0;47.6;53.2
"2000";"Verkafólk";"Konur";103;91;101;111;102;90;101;109;105;91;102;114;127;102;123;145;137;109;132;158;44.5;40.6;42.8;46.9
"2001";"Alls";"Alls";184;117;153;218;140;102;123;158;202;128;173;241;230;159;209;273;248;171;225;295;44.8;40.0;42.6;47.5
"2001";"Alls";"Karlar";211;133;185;253;158;112;136;180;223;143;195;262;256;185;237;299;277;200;257;326;45.6;40.0;43.8;49.7
"2001";"Alls";"Konur";144;103;125;162;131;96;117;146;156;111;137;181;172;128;159;196;184;139;171;210;42.9;40.0;41.8;45.1
"2001";"Stjórnendur";"Alls";363;260;328;442;291;228;290;328;370;260;336;450;382;273;345;451;402;293;362;471;40.5;37.5;39.5;40.0
"2001";"Stjórnendur";"Karlar";392;284;359;473;324;255;299;353;396;288;363;474;407;297;380;474;429;309;404;493;40.2;37.5;39.5;40.0
"2001";"Stjórnendur";"Konur";269;205;261;320;259;170;273;321;271;210;259;310;290;231;268;322;306;238;279;343;41.7;37.8;39.5;41.7
"2001";"Sérfræðingar";"Alls";318;255;309;381;266;219;265;305;329;260;326;387;347;277;340;407;369;290;353;435;40.3;37.5;40.0;40.7
"2001";"Sérfræðingar";"Karlar";339;269;335;391;305;240;309;323;342;280;341;394;361;295;357;417;383;307;377;447;40.2;37.5;40.0;40.0
"2001";"Sérfræðingar";"Konur";280;237;270;320;246;200;260;298;297;242;275;350;316;266;297;366;335;275;303;384;40.5;38.6;40.0;41.0
"2001";"Tæknar og sérmenntað starfsfólk";"Alls";275;182;253;334;193;140;174;235;295;207;270;345;310;222;290;355;327;235;305;376;41.4;38.6;40.0;41.9
"2001";"Tæknar og sérmenntað starfsfólk";"Karlar";323;239;295;361;253;188;250;320;330;245;300;366;350;264;321;377;369;277;349;391;41.6;38.3;40.2;42.1
"2001";"Tæknar og sérmenntað starfsfólk";"Konur";197;146;180;237;171;136;163;198;213;156;199;258;221;169;206;258;233;180;220;268;40.9;39.0;40.0;41.7
"2001";"Skrifstofufólk";"Alls";161;126;151;189;148;120;142;169;167;129;156;194;184;145;176;215;193;153;185;224;41.5;38.5;40.3;43.3
"2001";"Skrifstofufólk";"Karlar";187;139;185;230;161;121;143;190;193;149;186;234;214;173;214;258;226;182;221;271;42.1;38.3;40.8;43.9
"2001";"Skrifstofufólk";"Konur";153;123;146;179;146;120;142;167;157;126;150;184;172;140;164;198;181;146;173;210;41.3;38.6;40.2;43.0
"2001";"Þjónustu-, sölu- og afgreiðslufólk";"Alls";160;113;143;200;134;92;118;152;174;127;159;213;194;146;182;236;205;157;193;249;43.7;40.2;42.8;46.2
"2001";"Þjónustu-, sölu- og afgreiðslufólk";"Karlar";185;134;175;227;155;107;135;182;191;140;185;233;217;169;216;257;228;182;225;265;44.0;40.1;43.0;46.8
"2001";"Þjónustu-, sölu- og afgreiðslufólk";"Konur";133;97;123;151;127;92;113;142;140;110;135;157;156;124;151;174;168;135;163;186;43.3;40.3;42.5;45.6
"2001";"Iðnaðarmenn";"Alls";214;171;199;240;185;158;174;206;219;174;204;248;281;232;274;321;316;259;307;360;48.3;42.8;47.2;52.5
"2001";"Iðnaðarmenn";"Karlar";214;172;200;240;186;158;174;206;219;175;205;248;282;233;274;321;317;260;308;362;48.3;42.8;47.2;52.6
"2001";"Iðnaðarmenn";"Konur";..;..;..;..;..;..;..;..;..;..;..;..;..;..;..;..;..;..;..;..;..;..;..;..
"2001";"Verkafólk";"Alls";131;105;119;146;117;98;113;126;140;110;125;159;179;136;172;212;197;151;191;234;47.3;41.7;46.2;51.1
"2001";"Verkafólk";"Karlar";144;114;131;165;128;107;119;142;150;117;135;173;195;157;191;228;216;173;211;253;48.5;42.8;47.6;52.7
"2001";"Verkafólk";"Konur";112;96;109;120;109;95;108;118;115;98;111;123;141;111;134;168;154;120;150;185;44.8;40.7;43.2;47.5
"2002";"Alls";"Alls";196;125;166;232;149;109;129;171;216;137;187;258;240;165;218;286;262;181;239;312;44.2;40.0;42.1;46.8
"2002";"Alls";"Karlar";221;140;193;264;162;117;139;189;235;150;206;278;264;188;243;309;290;210;270;345;45.0;40.0;43.4;48.6
"2002";"Alls";"Konur";157;112;136;185;140;104;125;160;171;120;151;202;185;137;168;213;197;148;181;226;42.4;39.5;41.3;44.3
"2002";"Stjórnendur";"Alls";392;283;356;489;315;220;296;364;398;293;361;490;408;307;369;491;432;315;391;517;40.1;37.5;38.9;40.0
"2002";"Stjórnendur";"Karlar";419;316;390;504;357;267;336;428;423;317;394;505;432;325;394;504;459;338;417;533;39.8;37.5;38.1;40.0
"2002";"Stjórnendur";"Konur";287;220;283;340;263;189;220;340;291;224;283;331;304;238;286;350;320;251;308;355;41.0;37.5;39.5;40.0
"2002";"Sérfræðingar";"Alls";329;263;311;391;284;248;269;309;336;264;328;404;360;273;345;432;378;283;354;462;40.5;37.5;40.0;40.4
"2002";"Sérfræðingar";"Karlar";351;275;345;412;341;280;325;412;352;275;345;412;379;298;375;447;399;304;394;484;40.8;37.5;40.0;40.8
"2002";"Sérfræðingar";"Konur";291;246;274;318;268;244;265;290;299;246;280;340;319;246;287;348;334;251;300;362;39.8;37.5;39.5;40.4
"2002";"Tæknar og sérmenntað starfsfólk";"Alls";290;197;265;348;212;156;194;245;306;215;286;356;317;232;294;360;336;245;309;389;40.9;37.8;40.0;41.8
"2002";"Tæknar og sérmenntað starfsfólk";"Karlar";336;248;308;386;273;215;260;351;341;254;309;386;357;270;326;391;378;281;349;416;41.0;37.7;40.0;41.9
"2002";"Tæknar og sérmenntað starfsfólk";"Konur";215;162;199;250;187;151;180;227;228;170;210;270;237;186;222;279;250;200;237;295;40.7;38.0;40.0;41.8
"2002";"Skrifstofufólk";"Alls";176;137;166;206;162;133;155;195;182;141;175;212;198;155;191;233;206;162;198;242;41.0;37.7;40.0;42.7
"2002";"Skrifstofufólk";"Karlar";203;150;204;247;166;128;143;199;210;165;210;253;231;194;231;269;241;205;242;279;41.8;38.3;40.1;43.7
"2002";"Skrifstofufólk";"Konur";168;135;162;196;162;133;155;195;171;137;165;198;185;150;177;216;193;157;184;223;40.7;37.7;40.0;42.1
"2002";"Þjónustu-, sölu- og afgreiðslufólk";"Alls";167;117;151;208;138;97;123;159;184;137;170;223;200;151;189;239;213;162;201;254;43.2;40.0;42.4;45.4
"2002";"Þjónustu-, sölu- og afgreiðslufólk";"Karlar";193;142;185;236;150;98;134;180;202;149;196;240;223;171;219;261;236;183;230;275;43.3;40.1;42.4;45.4
"2002";"Þjónustu-, sölu- og afgreiðslufólk";"Konur";141;100;129;162;134;97;119;152;151;115;144;171;165;131;155;188;177;141;167;201;43.1;40.0;42.4;45.3
"2002";"Iðnaðarmenn";"Alls";217;172;208;243;186;141;177;215;225;177;212;253;274;218;271;324;319;264;310;364;46.5;42.1;45.4;49.4
"2002";"Iðnaðarmenn";"Karlar";218;171;209;245;186;139;177;216;225;177;213;254;276;220;272;325;322;267;314;366;46.6;42.3;45.6;49.5
"2002";"Iðnaðarmenn";"Konur";..;..;..;..;..;..;..;..;..;..;..;..;..;..;..;..;..;..;..;..;..;..;..;..
"2002";"Verkafólk";"Alls";139;113;126;154;124;106;120;133;147;117;132;167;188;143;179;221;208;159;200;247;47.2;41.8;46.2;50.8
"2002";"Verkafólk";"Karlar";150;119;137;171;132;110;124;147;157;122;144;177;203;163;196;239;226;180;217;264;48.3;42.7;47.6;52.5
"2002";"Verkafólk";"Konur";120;103;118;127;117;102;117;127;123;105;118;131;146;120;142;168;160;128;156;185;44.1;40.7;42.9;46.6
"2003";"Alls";"Alls";210;133;180;250;159;115;137;182;230;149;202;273;257;180;233;308;280;195;257;334;44.6;40.0;42.3;46.8
"2003";"Alls";"Karlar";234;150;206;280;175;123;150;203;247;163;218;295;280;201;259;328;308;224;286;362;45.5;40.0;44.0;49.1
"2003";"Alls";"Konur";167;119;145;196;148;109;131;170;184;128;163;215;198;144;183;226;211;157;195;245;42.3;39.5;41.1;44.1
"2003";"Stjórnendur";"Alls";417;300;375;506;337;240;301;376;425;319;388;511;430;320;388;506;460;333;406;531;40.0;37.5;38.8;40.0
"2003";"Stjórnendur";"Karlar";439;325;402;522;365;274;301;399;445;328;412;522;451;336;413;522;481;341;433;539;39.7;37.5;37.7;40.0
"2003";"Stjórnendur";"Konur";322;225;293;375;275;198;219;362;331;227;310;375;338;258;315;376;368;274;349;418;41.3;37.5;39.5;40.0
"2003";"Sérfræðingar";"Alls";351;274;335;414;313;256;300;335;357;279;350;422;380;296;365;453;398;299;380;477;40.2;37.5;40.0;40.2
"2003";"Sérfræðingar";"Karlar";368;287;357;427;360;283;334;426;368;287;357;432;394;312;385;469;414;319;404;488;40.5;37.5;40.0;41.0
"2003";"Sérfræðingar";"Konur";318;254;289;352;287;256;274;323;330;254;296;380;348;254;315;391;364;266;329;403;39.5;37.5;38.1;40.0
"2003";"Tæknar og sérmenntað starfsfólk";"Alls";309;219;291;359;230;171;201;270;326;243;300;371;338;250;308;376;357;268;320;405;40.9;37.5;40.0;41.8
"2003";"Tæknar og sérmenntað starfsfólk";"Karlar";350;268;314;388;295;238;283;362;356;274;320;391;377;288;335;417;399;302;354;436;41.2;37.5;40.0;42.5
"2003";"Tæknar og sérmenntað starfsfólk";"Konur";229;175;211;269;197;160;190;228;246;190;228;293;248;197;237;290;262;207;248;305;40.0;37.8;40.0;40.8
"2003";"Skrifstofufólk";"Alls";189;149;181;218;173;142;167;199;195;155;192;224;210;167;206;247;220;175;212;258;40.7;37.7;40.0;42.3
"2003";"Skrifstofufólk";"Karlar";215;165;217;264;181;135;149;225;220;171;220;269;243;200;244;278;255;209;256;292;42.0;38.1;40.6;44.5
"2003";"Skrifstofufólk";"Konur";181;146;177;211;172;142;170;196;185;149;181;215;198;161;192;227;206;169;200;239;40.2;37.6;40.0;41.8
"2003";"Þjónustu-, sölu- og afgreiðslufólk";"Alls";179;124;160;221;144;102;127;164;201;146;185;242;216;160;201;256;228;170;213;270;43.1;40.0;42.3;45.0
"2003";"Þjónustu-, sölu- og afgreiðslufólk";"Karlar";210;150;200;251;156;102;140;185;220;160;211;266;241;183;227;290;254;196;239;300;43.2;40.0;42.4;45.1
"2003";"Þjónustu-, sölu- og afgreiðslufólk";"Konur";149;110;136;170;140;102;124;159;162;126;154;186;175;136;165;201;187;146;178;215;42.8;39.6;42.3;44.8
"2003";"Iðnaðarmenn";"Alls";229;182;219;259;197;160;183;225;236;186;224;264;288;229;282;337;335;275;322;384;46.7;42.6;45.6;49.8
"2003";"Iðnaðarmenn";"Karlar";230;182;220;259;197;158;183;227;237;186;225;265;289;231;283;337;337;278;324;385;46.9;42.8;45.8;49.9
"2003";"Iðnaðarmenn";"Konur";..;..;..;..;..;..;..;..;..;..;..;..;..;..;..;..;..;..;..;..;..;..;..;..
"2003";"Verkafólk";"Alls";149;120;134;168;132;112;127;140;157;125;142;181;204;155;197;242;225;169;215;267;48.1;42.0;46.5;52.2
"2003";"Verkafólk";"Karlar";160;126;145;183;139;116;130;154;166;129;154;193;219;172;211;257;243;188;233;284;49.2;43.1;47.7;53.8
"2003";"Verkafólk";"Konur";128;107;125;136;124;107;124;133;131;107;126;140;160;124;155;190;173;131;169;207;44.8;40.5;43.0;47.5
"2004";"Alls";"Alls";220;139;185;262;165;119;143;186;242;155;209;285;272;189;248;325;300;207;275;355;44.9;40.0;41.7;46.4
"2004";"Alls";"Karlar";245;156;210;288;178;124;156;203;260;169;226;307;298;213;274;347;330;242;308;385;45.9;40.0;44.1;49.6
"2004";"Alls";"Konur";177;125;152;207;155;116;139;173;195;135;170;230;210;155;193;245;227;168;209;261;42.5;39.5;40.8;44.3
"2004";"Stjórnendur";"Alls";439;308;408;528;347;241;285;410;448;325;413;534;455;333;420;532;495;352;440;565;40.3;37.5;39.5;40.0
"2004";"Stjórnendur";"Karlar";465;333;427;554;373;280;301;410;471;346;431;556;479;352;445;558;516;366;466;571;40.0;37.5;39.1;40.0
"2004";"Stjórnendur";"Konur";341;232;308;415;304;210;241;409;348;234;326;420;361;267;343;394;410;286;382;459;41.5;37.5;39.5;40.0
"2004";"Sérfræðingar";"Alls";379;302;365;436;330;262;314;358;387;304;370;449;403;310;386;485;425;323;403;511;40.0;37.5;40.0;40.0
"2004";"Sérfræðingar";"Karlar";408;330;390;485;380;319;347;434;410;330;393;485;431;338;421;520;455;354;448;535;40.2;37.5;40.0;40.0
"2004";"Sérfræðingar";"Konur";328;282;314;365;307;262;308;339;335;282;330;383;344;286;330;393;360;291;338;412;39.6;37.8;40.0;40.0
"2004";"Tæknar og sérmenntað starfsfólk";"Alls";325;228;300;376;250;185;226;297;340;245;307;384;358;264;317;399;384;276;337;435;41.0;37.5;40.0;41.9
"2004";"Tæknar og sérmenntað starfsfólk";"Karlar";372;277;336;412;320;250;310;396;377;281;341;420;405;296;360;435;435;314;378;478;41.4;37.5;40.0;42.6
"2004";"Tæknar og sérmenntað starfsfólk";"Konur";243;188;227;290;211;174;196;249;256;200;243;305;263;207;250;306;281;222;264;322;40.2;37.7;40.0;40.6
"2004";"Skrifstofufólk";"Alls";200;157;192;233;179;146;171;206;207;163;202;242;224;175;215;263;236;185;226;280;40.6;37.8;40.0;42.0
"2004";"Skrifstofufólk";"Karlar";230;174;222;278;185;141;154;227;237;182;225;281;266;220;269;306;279;230;280;331;42.5;39.2;41.1;46.0
"2004";"Skrifstofufólk";"Konur";191;155;185;222;179;149;173;206;197;159;191;227;210;169;202;247;221;178;211;253;39.9;37.6;39.9;41.2
"2004";"Þjónustu-, sölu- og afgreiðslufólk";"Alls";187;128;164;228;148;110;130;168;212;150;189;255;228;167;209;265;242;180;223;287;43.0;39.9;42.4;45.2
"2004";"Þjónustu-, sölu- og afgreiðslufólk";"Karlar";222;155;208;268;156;110;143;190;236;167;222;279;260;195;242;310;274;209;257;321;43.4;40.0;42.8;45.6
"2004";"Þjónustu-, sölu- og afgreiðslufólk";"Konur";155;116;142;175;146;111;127;158;168;131;158;190;183;145;174;208;197;156;188;223;42.5;39.5;41.7;44.3
"2004";"Iðnaðarmenn";"Alls";242;193;230;275;214;172;200;241;248;197;236;278;304;240;299;356;356;295;346;407;47.0;42.2;45.7;50.4
"2004";"Iðnaðarmenn";"Karlar";243;193;231;275;214;172;198;242;248;197;238;278;305;242;300;357;358;296;349;408;47.1;42.2;45.8;50.7
"2004";"Iðnaðarmenn";"Konur";..;..;..;..;..;..;..;..;..;..;..;..;..;..;..;..;..;..;..;..;..;..;..;..
"2004";"Verkafólk";"Alls";156;126;141;173;139;119;134;149;164;131;149;185;217;166;210;259;241;182;232;287;48.5;42.3;47.0;53.0
"2004";"Verkafólk";"Karlar";165;131;153;185;144;120;134;160;172;136;160;197;232;182;226;273;258;198;250;307;49.6;43.5;48.3;54.1
"2004";"Verkafólk";"Konur";137;118;133;145;133;116;133;143;140;121;133;148;176;140;168;206;194;150;186;232;45.6;40.8;43.9;48.6
"2005";"Alls";"Alls";248;154;210;291;184;130;157;208;272;175;233;319;305;210;273;361;345;236;307;405;44.9;40.0;42.6;48.1
"2005";"Alls";"Karlar";278;173;236;332;200;136;171;224;295;189;252;349;336;238;305;395;382;268;343;437;46.1;40.0;44.0;50.4
"2005";"Alls";"Konur";203;141;178;237;172;126;151;193;223;155;199;260;240;177;220;277;269;194;248;308;42.4;39.5;40.9;43.9
"2005";"Stjórnendur";"Alls";498;350;457;596;397;249;380;463;507;361;467;600;515;370;471;600;614;391;512;656;40.3;37.5;39.5;40.0
"2005";"Stjórnendur";"Karlar";540;386;495;627;447;330;405;544;546;396;506;638;552;401;511;638;662;418;550;702;39.9;37.5;39.5;40.0
"2005";"Stjórnendur";"Konur";375;249;362;447;331;220;249;457;381;250;368;447;401;301;390;455;467;330;428;509;41.4;37.5;40.0;40.2
"2005";"Sérfræðingar";"Alls";406;316;384;475;387;305;360;440;409;316;388;476;431;330;415;512;485;357;454;561;40.5;37.5;40.0;41.0
"2005";"Sérfræðingar";"Karlar";442;345;427;526;439;330;399;535;442;345;426;525;467;368;451;543;527;407;489;585;40.7;37.5;40.0;40.4
"2005";"Sérfræðingar";"Konur";349;288;332;395;353;297;340;383;348;287;331;395;365;297;342;421;409;332;372;471;40.3;37.9;40.0;41.4
"2005";"Tæknar og sérmenntað starfsfólk";"Alls";325;224;291;379;263;200;235;304;335;228;300;391;362;256;326;412;407;291;359;445;41.2;38.7;40.0;42.3
"2005";"Tæknar og sérmenntað starfsfólk";"Karlar";392;291;359;438;330;240;319;369;398;293;361;446;433;322;387;474;480;346;421;525;41.4;38.0;40.0;42.4
"2005";"Tæknar og sérmenntað starfsfólk";"Konur";252;202;231;287;235;189;220;271;256;206;235;290;275;226;257;309;317;257;297;354;41.0;39.3;40.3;42.2
"2005";"Skrifstofufólk";"Alls";216;174;202;250;197;163;185;220;222;178;211;255;242;192;228;282;268;217;258;304;40.9;38.3;40.2;42.5
"2005";"Skrifstofufólk";"Karlar";251;198;242;291;223;157;200;257;255;206;244;292;289;233;283;335;312;256;301;372;42.6;39.9;41.5;46.0
"2005";"Skrifstofufólk";"Konur";208;170;197;236;194;163;185;220;214;175;202;246;230;188;219;262;257;211;250;291;40.4;38.2;40.1;42.0
"2005";"Þjónustu-, sölu- og afgreiðslufólk";"Alls";212;139;187;260;165;121;142;190;244;170;221;290;261;188;240;312;280;202;258;333;43.0;39.8;42.1;45.4
"2005";"Þjónustu-, sölu- og afgreiðslufólk";"Karlar";256;181;240;298;186;122;164;226;270;195;250;310;298;222;275;345;317;237;295;366;43.4;40.0;42.6;45.7
"2005";"Þjónustu-, sölu- og afgreiðslufólk";"Konur";170;122;152;195;160;120;136;176;187;143;174;213;204;158;191;231;221;174;206;251;42.4;39.5;41.4;44.2
"2005";"Iðnaðarmenn";"Alls";263;213;250;299;235;192;220;260;268;215;257;306;336;267;327;395;393;323;383;457;47.8;42.4;46.4;52.2
"2005";"Iðnaðarmenn";"Karlar";264;213;252;300;235;192;219;260;269;215;258;308;339;270;329;398;397;329;387;460;47.9;42.6;46.6;52.5
"2005";"Iðnaðarmenn";"Konur";231;214;219;261;237;213;257;258;230;214;219;261;249;217;240;274;265;230;250;295;42.8;40.3;41.4;43.6
"2005";"Verkafólk";"Alls";169;136;152;187;151;127;143;161;179;140;161;203;236;181;227;275;264;199;254;311;48.9;42.3;47.3;53.7
"2005";"Verkafólk";"Karlar";180;141;164;204;157;128;145;173;189;145;173;217;253;199;245;294;284;220;274;335;50.0;43.4;48.6;55.2
"2005";"Verkafólk";"Konur";148;128;142;155;144;126;142;154;151;129;142;159;189;154;178;222;211;169;199;250;46.0;40.8;44.0;48.8
"2006";"Alls";"Alls";272;169;228;316;201;145;174;228;297;188;250;347;333;230;296;394;383;258;331;441;45.0;40.0;42.5;48.5
"2006";"Alls";"Karlar";301;184;250;360;217;151;185;243;321;199;268;380;367;257;330;430;424;287;370;484;46.5;40.0;44.4;51.1
"2006";"Alls";"Konur";226;155;197;263;190;142;167;211;248;172;222;290;263;193;238;304;298;214;270;339;42.0;38.8;40.6;43.6
"2006";"Stjórnendur";"Alls";557;375;499;666;407;260;377;512;571;382;515;675;577;397;516;672;720;427;565;772;40.0;37.5;39.5;40.0
"2006";"Stjórnendur";"Karlar";608;412;557;730;463;356;380;540;617;421;564;742;623;430;567;742;788;458;614;881;39.7;37.5;38.8;40.0
"2006";"Stjórnendur";"Konur";420;270;382;502;347;234;288;500;433;284;391;507;444;308;397;504;520;347;458;577;40.7;37.5;40.0;40.0
"2006";"Sérfræðingar";"Alls";447;339;424;527;421;320;385;490;450;341;428;530;470;356;446;554;556;392;504;638;39.9;37.5;40.0;40.1
"2006";"Sérfræðingar";"Karlar";488;379;463;563;482;357;450;615;488;381;465;562;512;405;499;599;610;440;551;687;40.1;37.5;40.0;40.1
"2006";"Sérfræðingar";"Konur";381;305;359;440;371;311;357;413;383;306;359;447;398;319;375;460;463;345;418;520;39.6;37.5;40.0;40.2
"2006";"Tæknar og sérmenntað starfsfólk";"Alls";343;240;305;400;279;205;246;316;353;246;313;413;375;267;334;428;435;307;367;472;40.5;37.5;40.0;41.4
"2006";"Tæknar og sérmenntað starfsfólk";"Karlar";419;307;377;471;362;262;351;421;423;309;379;479;455;337;412;500;524;356;446;559;40.9;37.5;40.0;41.2
"2006";"Tæknar og sérmenntað starfsfólk";"Konur";271;221;252;308;251;201;232;288;276;225;256;312;290;239;272;324;338;279;317;368;40.1;37.5;40.0;41.5
"2006";"Skrifstofufólk";"Alls";231;186;217;267;209;174;199;237;239;191;228;275;259;205;243;301;290;237;276;326;40.7;37.9;40.1;42.0
"2006";"Skrifstofufólk";"Karlar";257;205;250;300;220;170;200;254;265;214;254;307;304;243;291;356;329;265;310;386;42.9;40.0;41.7;45.5
"2006";"Skrifstofufólk";"Konur";226;184;213;259;208;174;199;236;232;187;219;267;248;199;231;287;280;230;270;316;40.2;37.7;40.0;41.5
"2006";"Þjónustu-, sölu- og afgreiðslufólk";"Alls";226;157;198;273;183;135;166;204;256;182;236;308;278;204;257;338;297;220;274;359;43.1;39.9;42.0;45.6
"2006";"Þjónustu-, sölu- og afgreiðslufólk";"Karlar";266;190;250;321;198;145;176;234;285;208;268;345;315;240;300;379;335;259;318;402;43.5;40.0;42.3;46.3
"2006";"Þjónustu-, sölu- og afgreiðslufólk";"Konur";187;140;170;214;178;135;161;197;202;157;189;231;222;177;209;250;241;193;227;268;42.7;39.8;41.6;44.6
"2006";"Iðnaðarmenn";"Alls";280;229;264;318;252;200;240;277;287;232;273;325;366;288;355;433;428;344;420;502;48.5;42.8;46.8;53.1
"2006";"Iðnaðarmenn";"Karlar";281;228;264;321;252;199;240;277;288;232;274;327;369;293;362;436;433;349;424;506;48.7;43.0;47.1;53.3
"2006";"Iðnaðarmenn";"Konur";250;231;246;277;248;228;243;266;251;231;247;277;275;238;277;295;290;248;295;320;42.4;40.1;42.2;43.5
"2006";"Verkafólk";"Alls";183;147;164;202;163;139;155;173;193;150;173;221;260;199;249;304;290;219;277;343;49.5;43.1;47.8;54.2
"2006";"Verkafólk";"Karlar";194;151;175;221;169;140;157;185;202;156;185;232;278;225;271;323;311;247;298;364;50.7;44.2;49.7;56.1
"2006";"Verkafólk";"Konur";159;140;153;167;155;138;152;164;163;140;152;172;203;167;195;231;226;177;211;264;45.9;41.2;44.1;48.1
"2007";"Alls";"Alls";303;187;252;351;223;160;194;252;330;209;274;380;368;254;326;429;423;278;358;479;44.8;40.0;42.2;48.4
"2007";"Alls";"Karlar";332;201;271;391;238;165;206;262;353;218;292;414;402;283;358;466;466;310;394;518;46.1;40.0;44.2;50.6
"2007";"Alls";"Konur";256;172;226;298;211;157;185;239;281;195;252;325;296;216;265;339;332;234;294;372;41.8;38.9;40.5;43.2
"2007";"Stjórnendur";"Alls";625;403;560;743;447;300;405;551;638;413;570;750;645;434;574;750;826;470;622;850;39.7;37.5;39.5;40.0
"2007";"Stjórnendur";"Karlar";679;452;608;800;523;372;445;661;687;461;611;800;694;480;617;800;911;503;662;929;39.7;37.5;39.5;40.0
"2007";"Stjórnendur";"Konur";481;304;434;575;373;270;326;500;497;318;450;600;504;329;473;598;586;364;510;674;39.9;37.5;39.5;40.0
"2007";"Sérfræðingar";"Alls";502;379;466;586;456;362;425;528;508;383;470;590;524;395;490;611;625;431;544;702;39.7;37.5;40.0;40.0
"2007";"Sérfræðingar";"Karlar";545;420;517;625;496;375;471;625;549;424;520;625;569;443;540;661;688;475;602;750;39.9;37.5;40.0;40.0
"2007";"Sérfræðingar";"Konur";432;349;402;485;414;350;398;444;435;349;403;490;447;351;415;511;516;379;463;572;39.5;37.5;40.0;40.1
"2007";"Tæknar og sérmenntað starfsfólk";"Alls";372;264;329;429;307;231;279;350;383;271;339;442;408;290;357;468;475;325;393;514;40.4;37.6;40.0;41.2
"2007";"Tæknar og sérmenntað starfsfólk";"Karlar";455;337;413;522;381;280;365;431;462;339;418;530;494;357;445;562;580;378;477;614;40.7;37.5;40.0;41.0
"2007";"Tæknar og sérmenntað starfsfólk";"Konur";298;246;279;331;277;224;262;304;303;250;283;337;319;265;299;357;367;296;340;400;40.2;37.6;40.0;41.5
"2007";"Skrifstofufólk";"Alls";263;210;246;303;236;196;220;260;271;219;257;316;293;230;274;342;320;256;299;367;40.7;38.0;40.0;41.8
"2007";"Skrifstofufólk";"Karlar";293;233;279;330;248;191;225;281;302;245;285;333;340;272;332;401;362;289;352;424;42.7;40.0;41.3;45.4
"2007";"Skrifstofufólk";"Konur";255;208;240;289;234;197;218;257;262;215;247;305;278;225;259;323;306;250;287;347;40.1;37.9;40.0;41.1
"2007";"Þjónustu-, sölu- og afgreiðslufólk";"Alls";243;169;218;292;198;146;177;225;277;198;257;331;300;220;281;358;319;236;299;380;43.1;40.0;42.0;45.4
"2007";"Þjónustu-, sölu- og afgreiðslufólk";"Karlar";284;199;265;342;212;150;187;244;306;228;287;365;339;259;323;401;357;273;339;425;43.5;40.0;42.3;46.0
"2007";"Þjónustu-, sölu- og afgreiðslufólk";"Konur";203;152;184;235;193;146;172;216;220;171;209;257;240;193;227;276;258;207;245;297;42.6;39.7;41.3;44.5
"2007";"Iðnaðarmenn";"Alls";306;247;288;353;274;224;254;305;313;252;297;361;394;318;384;459;453;359;437;532;47.8;42.7;46.6;51.7
"2007";"Iðnaðarmenn";"Karlar";307;247;289;356;275;224;254;304;314;253;299;364;397;321;387;462;457;365;441;535;48.0;42.8;46.8;52.0
"2007";"Iðnaðarmenn";"Konur";274;233;254;307;266;235;252;305;276;240;254;307;302;259;285;325;315;266;306;341;42.6;41.0;41.9;43.6
"2007";"Verkafólk";"Alls";201;160;181;224;180;153;170;195;209;164;191;237;285;220;274;334;316;241;302;371;49.6;43.0;48.3;54.4
"2007";"Verkafólk";"Karlar";210;165;192;238;186;155;173;204;218;169;200;247;303;245;291;349;337;267;322;390;50.7;44.5;49.9;55.6
"2007";"Verkafólk";"Konur";177;153;168;188;172;151;167;183;180;154;168;194;223;175;213;258;248;186;231;295;45.9;41.4;43.7;48.5
"2008";"Alls";"Alls";324;201;267;373;236;174;209;264;355;223;293;409;393;268;347;459;454;295;383;516;44.7;40.0;42.0;48.0
"2008";"Alls";"Karlar";352;214;285;409;250;179;218;275;377;231;307;440;427;297;380;499;498;328;419;555;46.1;40.0;44.1;50.6
"2008";"Alls";"Konur";279;187;242;321;225;170;202;253;310;210;272;358;322;231;286;366;362;252;314;404;41.5;38.8;40.2;42.6
"2008";"Stjórnendur";"Alls";674;413;600;801;490;307;414;565;686;432;610;813;693;450;622;809;902;485;659;936;39.9;37.5;40.0;40.0
"2008";"Stjórnendur";"Karlar";737;500;646;861;579;350;500;651;744;504;650;861;753;515;657;861;1010;545;709;1005;40.0;37.5;40.0;40.0
"2008";"Stjórnendur";"Konur";520;323;454;631;393;283;340;500;534;331;483;639;539;340;475;647;629;367;534;716;39.8;37.5;39.9;40.0
"2008";"Sérfræðingar";"Alls";553;419;519;640;475;386;450;542;560;421;527;650;573;430;543;675;684;474;596;773;39.5;37.5;40.0;40.0
"2008";"Sérfræðingar";"Karlar";594;458;565;688;516;386;486;610;600;465;573;700;616;476;589;719;745;522;650;831;39.7;37.5;40.0;40.0
"2008";"Sérfræðingar";"Konur";484;376;450;562;440;376;433;491;491;376;451;575;498;382;465;580;577;414;517;653;39.2;37.5;40.0;40.0
"2008";"Tæknar og sérmenntað starfsfólk";"Alls";396;279;350;461;316;244;280;340;409;290;362;474;432;307;383;503;499;341;424;553;40.2;37.6;40.0;40.8
"2008";"Tæknar og sérmenntað starfsfólk";"Karlar";497;364;461;559;426;300;410;488;501;368;466;566;535;390;492;600;623;414;533;684;40.5;37.5;40.0;40.4
"2008";"Tæknar og sérmenntað starfsfólk";"Konur";321;261;302;359;288;240;274;321;329;268;310;368;344;281;326;385;393;308;365;438;40.0;37.7;40.0;41.1
"2008";"Skrifstofufólk";"Alls";287;226;270;330;251;210;238;278;298;235;283;344;318;248;296;371;347;273;326;398;40.4;37.9;40.0;41.5
"2008";"Skrifstofufólk";"Karlar";323;249;307;376;276;213;250;317;331;258;317;386;369;290;358;438;393;304;385;459;42.1;39.8;40.5;44.3
"2008";"Skrifstofufólk";"Konur";277;222;262;316;247;210;236;275;288;230;272;330;302;239;284;350;332;264;309;378;39.8;37.7;40.0;41.2
"2008";"Þjónustu-, sölu- og afgreiðslufólk";"Alls";251;178;222;300;214;164;194;236;284;205;262;341;306;227;279;365;325;247;300;386;42.9;39.9;41.7;45.3
"2008";"Þjónustu-, sölu- og afgreiðslufólk";"Karlar";293;203;270;360;225;166;198;243;316;231;298;380;347;260;338;416;364;279;354;434;43.1;40.0;42.1;45.5
"2008";"Þjónustu-, sölu- og afgreiðslufólk";"Konur";217;166;200;246;211;164;193;235;229;177;217;262;251;206;239;279;273;224;260;303;42.6;39.5;41.3;44.9
"2008";"Iðnaðarmenn";"Alls";323;260;304;373;295;245;277;329;330;264;310;381;413;335;403;482;479;383;463;569;47.5;42.4;46.0;51.5
"2008";"Iðnaðarmenn";"Karlar";324;260;304;376;295;244;275;330;332;265;311;382;416;339;406;486;484;388;466;571;47.7;42.7;46.3;51.7
"2008";"Iðnaðarmenn";"Konur";294;250;288;318;298;262;316;318;293;250;264;318;306;261;277;341;321;269;289;347;41.3;40.1;41.2;42.5
"2008";"Verkafólk";"Alls";216;175;197;240;194;165;185;213;226;179;207;255;305;238;293;359;339;260;323;400;49.3;42.7;47.9;54.3
"2008";"Verkafólk";"Karlar";226;180;208;253;200;168;190;222;235;184;217;263;324;259;313;376;360;283;346;418;50.3;44.0;49.3;55.3
"2008";"Verkafólk";"Konur";191;165;183;203;184;164;181;194;195;169;184;210;239;189;227;274;264;202;248;307;45.5;40.7;43.3;47.6
"2009";"Alls";"Alls";334;216;282;383;250;187;222;281;366;240;309;428;391;274;344;450;423;294;373;479;43.1;39.9;41.0;45.3
"2009";"Alls";"Karlar";360;232;297;419;265;193;240;299;386;248;317;452;417;292;365;483;454;316;395;515;44.0;40.0;42.1;46.8
"2009";"Alls";"Konur";293;197;259;343;236;181;210;268;328;223;292;381;337;242;304;387;358;260;323;411;41.3;38.3;40.0;42.1
"2009";"Stjórnendur";"Alls";661;436;610;794;454;320;401;527;676;449;623;800;684;460;624;803;749;489;671;895;39.8;37.5;39.8;40.0
"2009";"Stjórnendur";"Karlar";709;480;650;842;510;350;460;631;719;507;656;844;729;523;665;845;808;541;710;941;40.0;37.5;39.8;40.0
"2009";"Stjórnendur";"Konur";533;340;478;657;403;294;360;505;552;355;532;674;555;360;517;670;583;380;536;700;39.3;37.5;39.5;40.0
"2009";"Sérfræðingar";"Alls";551;443;521;630;484;406;460;549;557;450;527;640;569;450;543;653;604;466;563;698;39.6;37.5;40.0;40.0
"2009";"Sérfræðingar";"Karlar";584;472;555;663;517;429;500;613;588;477;560;668;601;492;581;684;641;502;610;721;39.7;37.5;40.0;40.0
"2009";"Sérfræðingar";"Konur";500;411;470;567;455;393;448;500;506;415;470;572;515;421;483;586;542;433;500;612;39.5;37.5;40.0;40.0
"2009";"Tæknar og sérmenntað starfsfólk";"Alls";403;300;362;458;339;262;300;388;415;312;372;467;437;328;391;491;463;345;412;520;40.3;37.5;39.7;40.4
"2009";"Tæknar og sérmenntað starfsfólk";"Karlar";482;353;442;554;435;342;410;551;486;354;444;553;521;387;479;588;552;400;504;620;41.0;37.5;39.7;40.1
"2009";"Tæknar og sérmenntað starfsfólk";"Konur";345;282;327;383;310;258;277;332;354;291;335;388;366;305;351;403;388;327;372;429;39.7;37.6;39.8;40.5
"2009";"Skrifstofufólk";"Alls";300;243;287;337;269;225;259;302;310;253;295;348;325;265;310;368;342;280;325;391;40.1;37.8;40.0;41.1
"2009";"Skrifstofufólk";"Karlar";323;258;307;362;286;237;274;318;330;267;315;377;355;290;338;416;372;300;353;436;41.1;38.0;40.0;42.6
"2009";"Skrifstofufólk";"Konur";293;241;282;332;265;222;255;298;303;248;289;342;314;259;299;356;331;276;314;378;39.7;37.7;40.0;40.8
"2009";"Þjónustu-, sölu- og afgreiðslufólk";"Alls";261;191;232;312;224;173;203;239;293;220;278;345;316;239;301;376;334;257;318;393;42.7;39.7;41.5;44.4
"2009";"Þjónustu-, sölu- og afgreiðslufólk";"Karlar";298;215;284;356;242;184;207;258;320;255;309;374;351;273;347;402;367;291;365;412;42.8;40.0;41.6;44.6
"2009";"Þjónustu-, sölu- og afgreiðslufólk";"Konur";225;177;207;252;217;172;201;231;240;190;226;274;260;213;246;295;280;227;269;315;42.4;39.5;41.2;44.3
"2009";"Iðnaðarmenn";"Alls";328;269;309;368;300;252;286;329;338;279;315;381;394;320;376;449;436;357;417;493;44.8;41.2;43.8;47.2
"2009";"Iðnaðarmenn";"Karlar";329;270;310;370;300;252;287;330;339;279;315;383;395;322;376;450;438;358;417;494;44.9;41.2;43.8;47.2
"2009";"Iðnaðarmenn";"Konur";297;254;270;322;289;253;270;322;308;263;290;362;321;266;305;362;336;279;313;368;41.3;39.5;40.1;41.6
"2009";"Verkafólk";"Alls";229;186;210;256;208;178;196;229;238;191;221;268;294;229;281;341;320;247;304;377;46.5;41.1;44.7;49.7
"2009";"Verkafólk";"Karlar";241;193;226;271;220;184;209;247;249;197;234;278;310;249;299;355;339;267;329;391;47.1;41.4;45.5;50.3
"2009";"Verkafólk";"Konur";200;175;192;212;194;173;189;206;206;178;194;220;245;194;231;274;266;210;253;301;44.9;40.2;42.6;46.6
"2010";"Alls";"Alls";348;226;294;400;260;200;231;288;381;252;321;441;409;288;363;472;438;308;391;504;43.2;40.0;41.0;45.4
"2010";"Alls";"Karlar";374;242;310;434;270;203;242;299;398;260;329;465;435;309;386;503;469;332;418;536;44.1;40.0;42.1;46.6
"2010";"Alls";"Konur";309;210;267;358;252;198;224;278;346;233;305;401;355;256;320;405;376;276;337;423;41.4;38.7;40.0;42.1
"2010";"Stjórnendur";"Alls";702;473;637;870;500;350;411;570;713;487;653;875;721;507;657;881;772;524;693;900;39.8;37.5;40.0;40.0
"2010";"Stjórnendur";"Karlar";740;510;671;897;556;360;431;700;748;526;677;900;760;548;685;900;817;573;736;933;39.9;37.5;40.0;40.0
"2010";"Stjórnendur";"Konur";594;368;540;741;437;289;371;528;610;385;576;767;609;377;555;764;641;404;586;809;39.4;37.5;39.8;40.0
"2010";"Sérfræðingar";"Alls";575;464;548;660;522;431;502;585;581;469;551;670;595;475;574;685;619;485;589;713;39.8;37.5;40.0;40.0
"2010";"Sérfræðingar";"Karlar";606;491;577;689;556;447;520;629;609;496;583;694;626;503;609;709;651;520;628;735;39.9;37.5;40.0;40.0
"2010";"Sérfræðingar";"Konur";530;430;501;604;496;424;497;566;535;430;504;611;546;435;513;627;567;450;531;651;39.6;37.5;40.0;40.0
"2010";"Tæknar og sérmenntað starfsfólk";"Alls";417;314;378;472;339;271;309;368;429;321;389;484;453;341;410;508;478;360;429;528;40.4;37.7;39.8;40.4
"2010";"Tæknar og sérmenntað starfsfólk";"Karlar";487;355;449;555;426;324;387;526;492;358;453;558;530;402;472;603;560;426;504;633;41.3;37.5;40.0;40.6
"2010";"Tæknar og sérmenntað starfsfólk";"Konur";362;294;340;406;317;266;294;341;373;305;353;416;384;321;364;423;403;337;384;441;39.7;37.7;39.8;40.3
"2010";"Skrifstofufólk";"Alls";319;258;303;360;293;240;276;328;327;266;310;368;343;283;326;391;358;295;338;407;40.2;37.9;40.0;40.9
"2010";"Skrifstofufólk";"Karlar";336;266;322;377;300;241;279;339;342;275;326;383;369;296;357;430;384;312;367;447;41.3;38.7;40.1;42.8
"2010";"Skrifstofufólk";"Konur";313;255;297;354;292;240;276;326;320;264;305;366;332;279;318;378;347;292;329;395;39.8;37.8;40.0;40.6
"2010";"Þjónustu-, sölu- og afgreiðslufólk";"Alls";278;209;251;327;237;187;220;255;315;242;299;367;340;261;323;402;358;279;342;420;42.5;39.6;41.5;44.4
"2010";"Þjónustu-, sölu- og afgreiðslufólk";"Karlar";313;230;296;376;233;186;223;250;340;269;324;399;373;293;365;430;391;309;385;453;42.7;40.0;41.7;44.7
"2010";"Þjónustu-, sölu- og afgreiðslufólk";"Konur";246;196;228;278;238;188;220;255;263;209;254;300;282;229;273;319;301;245;289;338;42.0;39.5;40.7;43.7
"2010";"Iðnaðarmenn";"Alls";344;286;325;386;312;262;299;341;352;291;328;400;415;338;397;479;462;375;437;527;44.8;41.0;43.7;47.0
"2010";"Iðnaðarmenn";"Karlar";345;287;325;387;312;261;298;341;353;293;329;400;417;340;397;480;464;377;438;529;44.9;41.1;43.7;47.1
"2010";"Iðnaðarmenn";"Konur";310;274;287;336;321;274;336;336;304;268;283;325;320;273;305;355;342;289;322;366;41.5;40.0;40.6;41.7
"2010";"Verkafólk";"Alls";243;199;222;272;219;191;209;235;255;203;234;289;313;243;299;369;342;265;325;405;46.3;41.0;44.5;49.2
"2010";"Verkafólk";"Karlar";256;205;238;289;228;193;215;251;266;210;249;301;331;264;320;386;362;287;344;428;46.8;41.6;45.2;49.6
"2010";"Verkafólk";"Konur";216;192;207;227;210;188;206;222;222;193;208;234;264;215;250;305;288;229;274;338;44.7;40.3;42.2;47.1
"2011";"Alls";"Alls";365;234;307;418;269;209;238;298;400;260;337;463;431;304;383;494;469;331;418;534;43.4;40.0;41.2;45.6
"2011";"Alls";"Karlar";393;249;326;452;280;210;243;311;420;271;347;489;460;327;409;527;503;356;447;571;44.2;40.0;42.3;46.9
"2011";"Alls";"Konur";321;221;276;373;262;207;233;285;361;242;319;418;372;268;333;420;400;293;362;450;41.6;39.1;40.2;42.3
"2011";"Stjórnendur";"Alls";752;489;683;908;561;375;485;679;761;500;683;912;774;525;690;923;843;551;725;990;39.9;37.5;39.8;40.0
"2011";"Stjórnendur";"Karlar";801;547;707;938;639;379;582;854;807;556;716;942;824;582;728;963;901;613;770;1025;40.0;37.5;39.7;40.0
"2011";"Stjórnendur";"Konur";615;384;536;769;436;302;433;543;628;391;548;787;634;396;552;788;679;424;580;844;39.8;37.5;39.9;40.2
"2011";"Sérfræðingar";"Alls";612;489;580;707;547;445;529;610;619;492;590;717;634;504;614;729;666;523;633;758;39.9;37.5;40.0;40.3
"2011";"Sérfræðingar";"Karlar";643;520;616;738;571;462;562;667;648;523;620;741;666;535;646;766;699;559;665;788;40.0;37.5;40.0;40.2
"2011";"Sérfræðingar";"Konur";564;446;538;650;530;439;523;585;570;447;544;656;582;466;547;674;612;488;570;703;39.7;37.5;40.0;40.3
"2011";"Tæknar og sérmenntað starfsfólk";"Alls";443;330;406;502;362;291;327;385;456;344;416;515;481;365;437;549;517;393;467;578;40.6;37.7;40.0;40.8
"2011";"Tæknar og sérmenntað starfsfólk";"Karlar";516;369;476;576;465;325;460;563;520;370;476;587;561;423;515;621;605;452;557;676;41.4;37.6;40.0;40.9
"2011";"Tæknar og sérmenntað starfsfólk";"Konur";382;314;359;428;334;287;318;357;394;321;380;441;408;339;397;452;435;364;417;485;39.9;37.7;40.0;40.7
"2011";"Skrifstofufólk";"Alls";336;270;320;379;303;251;282;342;344;281;332;388;362;298;351;412;382;316;370;431;40.3;38.2;40.0;41.2
"2011";"Skrifstofufólk";"Karlar";352;277;334;395;306;245;290;340;360;283;342;401;387;307;369;441;407;324;392;467;41.3;39.3;40.4;42.5
"2011";"Skrifstofufólk";"Konur";329;268;315;376;302;252;282;342;338;279;321;387;351;293;339;394;372;312;359;416;39.9;38.0;40.0;40.8
"2011";"Þjónustu-, sölu- og afgreiðslufólk";"Alls";287;215;256;337;245;194;226;262;329;251;309;387;351;274;331;418;376;295;360;444;42.3;39.7;41.5;44.0
"2011";"Þjónustu-, sölu- og afgreiðslufólk";"Karlar";322;232;299;387;235;189;225;252;354;277;332;423;383;303;369;453;408;329;398;482;42.5;40.0;41.9;44.5
"2011";"Þjónustu-, sölu- og afgreiðslufólk";"Konur";256;203;235;286;248;197;227;264;274;219;265;310;294;241;285;329;321;264;309;363;41.9;39.5;40.9;43.5
"2011";"Iðnaðarmenn";"Alls";363;304;340;403;333;287;325;357;370;307;344;415;444;368;429;502;495;404;477;566;45.2;41.2;44.2;47.2
"2011";"Iðnaðarmenn";"Karlar";364;304;340;404;334;288;325;359;371;307;344;416;446;371;430;505;498;408;480;567;45.3;41.3;44.3;47.3
"2011";"Iðnaðarmenn";"Konur";320;285;307;348;317;281;314;348;321;288;307;337;335;288;318;350;361;310;342;394;41.3;40.0;40.1;42.8
"2011";"Verkafólk";"Alls";254;210;233;282;232;204;223;245;265;214;243;300;330;253;316;387;366;282;349;431;46.4;41.2;44.7;49.7
"2011";"Verkafólk";"Karlar";267;216;246;302;240;205;228;260;276;220;256;313;350;280;339;408;388;310;375;454;47.1;41.7;45.5;50.4
"2011";"Verkafólk";"Konur";228;204;220;240;223;202;221;236;232;204;220;245;278;225;264;317;309;250;293;356;44.7;40.5;42.3;47.4
"2012";"Alls";"Alls";390;255;327;442;292;227;260;325;423;276;354;488;474;332;418;541;510;355;450;581;43.2;39.7;41.1;45.7
"2012";"Alls";"Karlar";420;268;344;483;304;228;264;337;443;286;364;513;506;354;451;574;547;382;487;624;44.1;40.0;42.3;47.3
"2012";"Alls";"Konur";347;243;298;396;285;226;258;315;386;260;334;445;413;299;369;467;438;318;392;490;41.4;38.7;40.0;42.5
"2012";"Stjórnendur";"Alls";817;526;714;975;710;400;582;896;821;528;717;980;842;537;739;980;904;570;776;1043;39.9;37.5;39.9;40.0
"2012";"Stjórnendur";"Karlar";869;586;765;1000;776;401;687;900;872;591;766;1000;895;618;784;1019;964;636;828;1118;40.0;37.5;40.0;40.0
"2012";"Stjórnendur";"Konur";679;436;569;834;575;390;545;653;684;436;573;834;700;442;573;838;745;459;591;912;39.7;37.5;39.7;40.0
"2012";"Sérfræðingar";"Alls";650;507;619;744;567;487;545;647;662;512;632;753;687;527;659;791;716;545;677;825;40.4;39.1;40.0;40.1
"2012";"Sérfræðingar";"Karlar";691;533;652;796;593;491;557;693;699;544;661;805;726;568;691;831;757;589;708;865;40.5;38.1;40.0;40.0
"2012";"Sérfræðingar";"Konur";595;475;568;691;553;487;545;618;604;474;580;702;628;484;599;736;654;501;615;768;40.4;39.7;40.0;40.2
"2012";"Tæknar og sérmenntað starfsfólk";"Alls";489;359;442;560;388;324;343;412;503;372;457;574;530;396;484;605;564;417;504;658;40.5;37.5;40.0;40.7
"2012";"Tæknar og sérmenntað starfsfólk";"Karlar";557;413;512;645;465;316;400;567;563;421;515;651;601;458;553;685;647;482;584;746;41.0;37.8;40.0;41.5
"2012";"Tæknar og sérmenntað starfsfólk";"Konur";420;339;387;466;363;325;342;387;433;348;405;482;446;365;418;494;467;380;438;518;39.8;37.5;40.0;40.5
"2012";"Skrifstofufólk";"Alls";363;295;341;414;314;273;301;346;380;306;359;438;399;322;384;459;418;338;402;477;40.2;37.6;40.0;41.4
"2012";"Skrifstofufólk";"Karlar";399;300;365;469;299;250;288;324;418;325;391;482;448;364;428;546;471;384;454;562;41.3;38.6;40.3;42.7
"2012";"Skrifstofufólk";"Konur";354;294;334;403;316;281;303;348;368;302;352;423;384;315;373;441;402;327;392;462;39.9;37.5;40.0;41.0
"2012";"Þjónustu-, sölu- og afgreiðslufólk";"Alls";286;227;261;326;256;211;242;272;314;242;291;358;345;273;329;398;367;289;347;425;41.6;39.0;40.9;43.5
"2012";"Þjónustu-, sölu- og afgreiðslufólk";"Karlar";313;239;288;366;247;207;238;264;339;262;323;404;371;294;355;429;394;313;380;462;41.9;39.2;41.3;43.8
"2012";"Þjónustu-, sölu- og afgreiðslufólk";"Konur";267;219;250;291;259;212;244;275;281;227;264;317;311;248;297;353;333;268;318;373;41.3;39.0;40.5;43.1
"2012";"Iðnaðarmenn";"Alls";389;330;363;421;361;320;347;377;394;333;366;433;497;410;481;557;560;453;543;636;46.4;41.8;45.9;50.0
"2012";"Iðnaðarmenn";"Karlar";390;330;364;423;362;320;348;377;395;333;366;435;499;413;481;558;562;456;546;638;46.5;41.9;45.9;50.1
"2012";"Iðnaðarmenn";"Konur";354;319;336;377;333;317;340;345;359;317;337;386;388;329;368;419;421;343;407;478;41.5;40.0;41.0;42.8
"2012";"Verkafólk";"Alls";287;237;267;322;260;221;249;285;296;241;275;334;373;297;358;438;406;322;389;478;46.5;41.5;44.7;49.8
"2012";"Verkafólk";"Karlar";298;242;277;339;267;224;252;296;305;245;286;346;389;315;378;455;423;337;411;494;47.0;42.0;45.3;50.4
"2012";"Verkafólk";"Konur";261;227;250;285;253;218;246;277;266;231;253;290;321;263;310;368;350;288;336;398;44.9;40.4;43.2;46.9
"2013";"Alls";"Alls";428;275;353;490;311;244;276;344;466;302;388;536;516;356;454;590;555;382;485;632;43.0;39.7;40.8;45.0
"2013";"Alls";"Karlar";463;292;377;533;321;247;281;351;489;311;399;565;551;383;480;626;596;415;517;679;43.8;40.0;41.9;46.5
"2013";"Alls";"Konur";377;260;326;435;304;242;274;336;421;284;364;489;447;322;396;512;474;344;422;537;41.5;38.8;40.0;42.2
"2013";"Stjórnendur";"Alls";921;591;801;1074;682;472;574;785;928;597;815;1075;949;613;824;1095;1027;650;874;1190;39.7;37.5;40.0;40.0
"2013";"Stjórnendur";"Karlar";972;630;849;1155;772;535;656;900;976;632;854;1155;1000;658;866;1174;1086;700;908;1272;39.8;37.5;39.9;40.0
"2013";"Stjórnendur";"Konur";765;508;667;938;588;412;563;666;776;513;674;950;786;513;679;957;842;565;723;1009;39.4;37.5;40.0;40.0
"2013";"Sérfræðingar";"Alls";649;486;612;755;566;461;548;638;660;491;624;772;684;516;648;792;713;533;668;832;40.4;38.4;40.0;40.3
"2013";"Sérfræðingar";"Karlar";688;515;646;797;591;482;548;668;694;517;655;799;723;547;680;821;754;564;697;862;40.6;38.1;40.0;40.3
"2013";"Sérfræðingar";"Konur";597;461;564;703;554;435;552;628;607;462;571;725;624;477;586;741;647;498;605;753;40.1;39.1;40.0;40.3
"2013";"Tæknar og sérmenntað starfsfólk";"Alls";504;368;460;578;390;322;356;420;520;383;479;595;557;418;507;638;593;441;528;676;41.1;37.8;40.0;41.9
"2013";"Tæknar og sérmenntað starfsfólk";"Karlar";553;406;512;632;418;296;373;485;562;416;517;638;615;465;559;699;660;490;585;758;42.0;38.1;40.0;44.1
"2013";"Tæknar og sérmenntað starfsfólk";"Konur";442;352;407;493;377;335;355;400;457;364;426;509;471;379;441;518;493;396;456;545;39.9;37.5;40.0;40.6
"2013";"Skrifstofufólk";"Alls";379;302;359;435;327;277;311;372;396;314;373;455;416;332;401;478;434;346;418;501;40.3;37.6;40.0;41.4
"2013";"Skrifstofufólk";"Karlar";412;299;371;484;327;258;297;366;431;317;385;494;459;356;434;551;480;370;455;581;41.2;39.0;40.2;42.7
"2013";"Skrifstofufólk";"Konur";370;303;354;421;327;279;312;373;385;314;371;442;402;327;392;465;420;341;409;484;40.1;37.5;40.0;41.1
"2013";"Þjónustu-, sölu- og afgreiðslufólk";"Alls";308;245;280;347;274;232;261;292;340;264;321;395;373;296;355;433;398;318;381;461;41.8;39.5;41.1;43.8
"2013";"Þjónustu-, sölu- og afgreiðslufólk";"Karlar";340;263;311;404;273;237;265;289;367;283;349;433;400;319;384;470;425;340;417;493;42.1;39.6;41.6;44.1
"2013";"Þjónustu-, sölu- og afgreiðslufólk";"Konur";285;236;268;315;274;230;261;294;303;244;286;340;334;274;320;377;361;294;345;406;41.4;39.2;40.5;43.5
"2013";"Iðnaðarmenn";"Alls";412;342;379;452;381;332;355;408;417;344;387;465;511;419;492;581;578;462;552;666;45.4;41.1;44.4;48.2
"2013";"Iðnaðarmenn";"Karlar";413;343;380;454;382;332;356;408;418;344;389;468;513;421;494;583;581;467;555;669;45.4;41.3;44.5;48.2
"2013";"Iðnaðarmenn";"Konur";364;314;354;391;339;300;335;377;370;333;354;405;399;338;378;428;436;355;409;495;41.5;40.0;40.8;43.1
"2013";"Verkafólk";"Alls";300;248;278;337;269;233;257;292;311;253;288;352;391;309;377;458;426;339;411;498;46.9;41.4;44.4;49.8
"2013";"Verkafólk";"Karlar";312;252;291;355;277;237;259;302;321;260;302;365;408;325;400;477;445;357;435;516;47.2;41.9;45.1;50.5
"2013";"Verkafólk";"Konur";272;237;261;292;260;228;255;279;279;243;268;300;337;275;325;382;369;302;355;427;46.0;40.6;43.0;46.9
"2014";"Alls";"Alls";441;285;362;501;325;258;290;354;483;310;397;560;535;367;465;608;580;398;505;660;42.8;39.7;40.8;45.0
"2014";"Alls";"Karlar";477;300;385;550;331;256;293;360;506;321;411;593;570;396;493;645;621;431;540;703;43.7;40.0;41.9;46.5
"2014";"Alls";"Konur";391;272;331;442;321;259;288;350;437;292;374;511;466;334;410;531;500;360;438;563;41.2;38.8;40.0;42.3
"2014";"Stjórnendur";"Alls";955;620;847;1130;707;486;609;943;964;630;850;1133;998;645;865;1143;1081;686;921;1258;39.8;37.5;40.0;40.0
"2014";"Stjórnendur";"Karlar";1005;664;879;1152;867;588;831;1097;1008;667;879;1164;1047;684;895;1196;1136;729;939;1329;39.9;37.5;40.0;40.0
"2014";"Stjórnendur";"Konur";810;533;709;975;599;420;522;632;828;545;740;993;842;545;751;1022;912;555;775;1089;39.6;37.5;40.0;40.0
"2014";"Sérfræðingar";"Alls";686;535;645;792;592;524;566;664;700;535;665;802;725;550;687;822;765;577;715;871;40.3;39.3;40.0;40.3
"2014";"Sérfræðingar";"Karlar";725;551;680;825;591;504;565;662;735;564;695;837;765;582;717;855;807;615;748;908;40.4;39.5;40.0;40.2
"2014";"Sérfræðingar";"Konur";635;507;604;733;592;524;566;669;647;496;618;756;666;513;642;773;702;545;669;816;40.1;38.9;40.0;40.3
"2014";"Tæknar og sérmenntað starfsfólk";"Alls";525;381;474;604;404;338;371;439;543;394;493;620;574;432;515;654;618;459;549;703;40.7;37.7;40.0;41.2
"2014";"Tæknar og sérmenntað starfsfólk";"Karlar";586;427;543;676;440;302;372;508;595;432;549;683;639;469;593;725;691;505;626;789;41.4;38.3;40.0;43.1
"2014";"Tæknar og sérmenntað starfsfólk";"Konur";451;364;417;504;392;346;370;404;467;377;438;514;481;390;450;527;511;412;481;563;39.7;37.5;40.0;40.3
"2014";"Skrifstofufólk";"Alls";396;315;374;450;341;290;324;391;413;327;390;473;432;346;414;495;456;362;433;523;40.2;37.5;40.0;41.2
"2014";"Skrifstofufólk";"Karlar";421;306;378;493;322;267;306;348;440;323;397;505;464;355;429;549;488;373;450;583;40.9;38.3;40.0;42.1
"2014";"Skrifstofufólk";"Konur";388;317;372;442;345;300;328;398;403;328;390;464;420;343;411;488;445;360;430;514;39.9;37.5;40.0;41.0
"2014";"Þjónustu-, sölu- og afgreiðslufólk";"Alls";317;261;290;350;289;255;277;308;349;274;325;397;383;309;359;438;413;330;388;474;41.7;39.5;40.9;43.5
"2014";"Þjónustu-, sölu- og afgreiðslufólk";"Karlar";346;270;314;397;285;250;278;304;377;288;355;445;411;326;390;479;441;352;424;518;42.1;39.9;41.4;44.0
"2014";"Þjónustu-, sölu- og afgreiðslufólk";"Konur";299;257;283;322;290;255;277;309;316;264;298;351;348;289;337;385;379;317;366;420;41.3;39.2;40.5;43.1
"2014";"Iðnaðarmenn";"Alls";427;355;395;469;398;341;378;422;432;355;405;483;525;437;505;599;599;488;570;690;45.0;40.7;44.5;48.0
"2014";"Iðnaðarmenn";"Karlar";428;355;396;472;399;343;379;422;433;355;405;485;527;439;506;600;601;490;573;691;45.1;40.8;44.6;48.1
"2014";"Iðnaðarmenn";"Konur";385;329;376;425;351;321;337;378;394;343;377;425;421;357;418;462;468;387;456;543;41.7;40.0;41.2;42.3
"2014";"Verkafólk";"Alls";311;260;290;349;281;246;269;305;321;265;300;362;407;327;395;471;447;356;435;520;46.5;41.7;44.7;49.8
"2014";"Verkafólk";"Karlar";323;265;302;365;288;248;270;317;332;272;312;377;425;344;421;491;467;375;460;537;47.0;42.1;45.3;50.5
"2014";"Verkafólk";"Konur";283;251;273;303;273;242;269;294;290;253;279;312;350;291;335;397;387;319;374;441;44.7;40.9;43.2;47.1
